Label,contextRef,unitRef,Dec,Prec,Lang,Value
ifrs-full:DisclosureOfGeneralInformationAboutFinancialStatementsExplanatory
ifrs-full:DisclosureOfAuthorisationOfFinancialStatementsExplanatory
ifrs-full:DisclosureOfAdditionalInformationExplanatory
ifrs-full:Revenue
ifrs-full:Revenue
SOL:RevenueFromNonCoreActivities
SOL:RevenueFromNonCoreActivities
SOL:NetRevenue
SOL:NetRevenue
ifrs-full:CostOfSales
ifrs-full:CostOfSales
ifrs-full:GrossProfit
ifrs-full:GrossProfit
ifrs-full:SalesAndMarketingExpense
ifrs-full:SalesAndMarketingExpense
ifrs-full:AdministrativeExpense
ifrs-full:AdministrativeExpense
ifrs-full:ResearchAndDevelopmentExpense
ifrs-full:ResearchAndDevelopmentExpense
ifrs-full:OtherGainsLosses
ifrs-full:OtherGainsLosses
ifrs-full:ShareOfProfitLossOfAssociatesAndJointVenturesAccountedForUsingEquityMethod
ifrs-full:ShareOfProfitLossOfAssociatesAndJointVenturesAccountedForUsingEquityMethod
SOL:GainsLossesFromPortfolioManagementAndMajorRestructuring
SOL:GainsLossesFromPortfolioManagementAndMajorRestructuring
SOL:GainsLossesFromLegacyRemediationAndMajorLitigations
SOL:GainsLossesFromLegacyRemediationAndMajorLitigations
ifrs-full:ProfitLossFromOperatingActivities
ifrs-full:ProfitLossFromOperatingActivities
ifrs-full:InterestExpense
ifrs-full:InterestExpense
ifrs-full:RevenueFromInterest
ifrs-full:RevenueFromInterest
ifrs-full:OtherFinanceIncomeCost
ifrs-full:OtherFinanceIncomeCost
ifrs-full:ExpenseDueToUnwindingOfDiscountOnProvisions
ifrs-full:ExpenseDueToUnwindingOfDiscountOnProvisions
ifrs-full:GainsLossesOnFinancialAssetsAtFairValueThroughProfitOrLoss
ifrs-full:GainsLossesOnFinancialAssetsAtFairValueThroughProfitOrLoss
ifrs-full:ProfitLossBeforeTax
ifrs-full:ProfitLossBeforeTax
ifrs-full:IncomeTaxExpenseContinuingOperations
ifrs-full:IncomeTaxExpenseContinuingOperations
ifrs-full:ProfitLossFromContinuingOperations
ifrs-full:ProfitLossFromContinuingOperations
ifrs-full:ProfitLossFromDiscontinuedOperations
ifrs-full:ProfitLossFromDiscontinuedOperations
ifrs-full:ProfitLoss
ifrs-full:ProfitLoss
ifrs-full:IncomeFromContinuingOperationsAttributableToOwnersOfParent
ifrs-full:IncomeFromContinuingOperationsAttributableToOwnersOfParent
ifrs-full:IncomeFromDiscontinuedOperationsAttributableToOwnersOfParent
ifrs-full:IncomeFromDiscontinuedOperationsAttributableToOwnersOfParent
ifrs-full:ProfitLossFromContinuingOperationsAttributableToNoncontrollingInterests
ifrs-full:ProfitLossFromContinuingOperationsAttributableToNoncontrollingInterests
ifrs-full:ProfitLossFromDiscontinuedOperationsAttributableToNoncontrollingInterests
ifrs-full:ProfitLossFromDiscontinuedOperationsAttributableToNoncontrollingInterests
ifrs-full:BasicEarningsLossPerShareFromContinuingOperations
ifrs-full:BasicEarningsLossPerShareFromContinuingOperations
ifrs-full:BasicEarningsLossPerShareFromDiscontinuedOperations
ifrs-full:BasicEarningsLossPerShareFromDiscontinuedOperations
ifrs-full:BasicEarningsLossPerShare
ifrs-full:BasicEarningsLossPerShare
ifrs-full:DilutedEarningsLossPerShareFromContinuingOperations
ifrs-full:DilutedEarningsLossPerShareFromContinuingOperations
ifrs-full:DilutedEarningsLossPerShareFromDiscontinuedOperations
ifrs-full:DilutedEarningsLossPerShareFromDiscontinuedOperations
ifrs-full:DilutedEarningsLossPerShare
ifrs-full:DilutedEarningsLossPerShare
ifrs-full:ProfitLoss
ifrs-full:ProfitLoss
ifrs-full:GainsLossesOnCashFlowHedgesBeforeTax
ifrs-full:GainsLossesOnCashFlowHedgesBeforeTax
ifrs-full:GainsLossesOnExchangeDifferencesOnTranslationBeforeTax
ifrs-full:GainsLossesOnExchangeDifferencesOnTranslationBeforeTax
ifrs-full:ShareOfOtherComprehensiveIncomeOfAssociatesAndJointVenturesAccountedForUsingEquityMethodThatWillBeReclassifiedToProfitOrLossBeforeTax
ifrs-full:ShareOfOtherComprehensiveIncomeOfAssociatesAndJointVenturesAccountedForUsingEquityMethodThatWillBeReclassifiedToProfitOrLossBeforeTax
ifrs-full:OtherComprehensiveIncomeThatWillBeReclassifiedToProfitOrLossBeforeTax
ifrs-full:OtherComprehensiveIncomeThatWillBeReclassifiedToProfitOrLossBeforeTax
ifrs-full:OtherComprehensiveIncomeBeforeTaxGainsLossesFromInvestmentsInEquityInstruments
ifrs-full:OtherComprehensiveIncomeBeforeTaxGainsLossesFromInvestmentsInEquityInstruments
ifrs-full:OtherComprehensiveIncomeBeforeTaxGainsLossesOnRemeasurementsOfDefinedBenefitPlans
ifrs-full:OtherComprehensiveIncomeBeforeTaxGainsLossesOnRemeasurementsOfDefinedBenefitPlans
ifrs-full:ShareOfOtherComprehensiveIncomeOfAssociatesAndJointVenturesAccountedForUsingEquityMethodThatWillNotBeReclassifiedToProfitOrLossBeforeTax
ifrs-full:ShareOfOtherComprehensiveIncomeOfAssociatesAndJointVenturesAccountedForUsingEquityMethodThatWillNotBeReclassifiedToProfitOrLossBeforeTax
ifrs-full:OtherComprehensiveIncomeThatWillNotBeReclassifiedToProfitOrLossBeforeTax
ifrs-full:OtherComprehensiveIncomeThatWillNotBeReclassifiedToProfitOrLossBeforeTax
ifrs-full:IncomeTaxRelatingToComponentsOfOtherComprehensiveIncome
ifrs-full:IncomeTaxRelatingToComponentsOfOtherComprehensiveIncome
ifrs-full:OtherComprehensiveIncome
ifrs-full:OtherComprehensiveIncome
ifrs-full:ComprehensiveIncome
ifrs-full:ComprehensiveIncome
ifrs-full:ComprehensiveIncomeAttributableToOwnersOfParent
ifrs-full:ComprehensiveIncomeAttributableToOwnersOfParent
ifrs-full:ComprehensiveIncomeAttributableToNoncontrollingInterests
ifrs-full:ComprehensiveIncomeAttributableToNoncontrollingInterests
ifrs-full:ProfitLoss
ifrs-full:ProfitLoss
ifrs-full:AdjustmentsForDepreciationAndAmortisationExpenseAndImpairmentLossReversalOfImpairmentLossRecognisedInProfitOrLoss
ifrs-full:AdjustmentsForDepreciationAndAmortisationExpenseAndImpairmentLossReversalOfImpairmentLossRecognisedInProfitOrLoss
ifrs-full:AdjustmentsForUndistributedProfitsOfInvestmentsAccountedForUsingEquityMethod
ifrs-full:AdjustmentsForUndistributedProfitsOfInvestmentsAccountedForUsingEquityMethod
ifrs-full:OtherAdjustmentsForNoncashItems
ifrs-full:OtherAdjustmentsForNoncashItems
ifrs-full:AdjustmentsForProvisions
ifrs-full:AdjustmentsForProvisions
ifrs-full:AdjustmentsForFinanceIncomeCost
ifrs-full:AdjustmentsForFinanceIncomeCost
ifrs-full:AdjustmentsForIncomeTaxExpense
ifrs-full:AdjustmentsForIncomeTaxExpense
ifrs-full:IncreaseDecreaseInWorkingCapital
ifrs-full:IncreaseDecreaseInWorkingCapital
SOL:PaymentsForEmployeeBenefitLiabilitiesAndProvisionsUsedClassifiedAsOperatingActivities
SOL:PaymentsForEmployeeBenefitLiabilitiesAndProvisionsUsedClassifiedAsOperatingActivities
SOL:ProvisionsUsedForAdditionalVoluntaryContributionsPensionPlansClassifiedAsOperatingActivities
SOL:ProvisionsUsedForAdditionalVoluntaryContributionsPensionPlansClassifiedAsOperatingActivities
ifrs-full:DividendsReceivedClassifiedAsOperatingActivities
ifrs-full:DividendsReceivedClassifiedAsOperatingActivities
ifrs-full:IncomeTaxesPaidRefundClassifiedAsOperatingActivities
ifrs-full:IncomeTaxesPaidRefundClassifiedAsOperatingActivities
ifrs-full:CashFlowsFromUsedInOperatingActivities
ifrs-full:CashFlowsFromUsedInOperatingActivities
SOL:CashFlowsFromUsedInPortfolioManagementAndExcludedFromFreeCashFlowClassifiedAsOperatingActivities
SOL:CashFlowsFromUsedInPortfolioManagementAndExcludedFromFreeCashFlowClassifiedAsOperatingActivities
ifrs-full:CashFlowsUsedInObtainingControlOfSubsidiariesOrOtherBusinessesClassifiedAsInvestingActivities
ifrs-full:CashFlowsUsedInObtainingControlOfSubsidiariesOrOtherBusinessesClassifiedAsInvestingActivities
ifrs-full:OtherCashPaymentsToAcquireEquityOrDebtInstrumentsOfOtherEntitiesClassifiedAsInvestingActivities
ifrs-full:OtherCashPaymentsToAcquireEquityOrDebtInstrumentsOfOtherEntitiesClassifiedAsInvestingActivities
SOL:CashAdvancesAndLoansMadeToOtherPartiesAndCashReceiptsFromRepaymentOfAdvancesAndLoansMadeToOtherPartiesClassifiedAsInvestingActivities
SOL:CashAdvancesAndLoansMadeToOtherPartiesAndCashReceiptsFromRepaymentOfAdvancesAndLoansMadeToOtherPartiesClassifiedAsInvestingActivities
SOL:CashFlowsFromLosingControlOfSubsidiariesOrOtherBusinessesAndOtherCashReceiptsFromSalesOfEquityOrDebtInstrumentsOfOtherEntitiesClassifiedAsInvestingActivities
SOL:CashFlowsFromLosingControlOfSubsidiariesOrOtherBusinessesAndOtherCashReceiptsFromSalesOfEquityOrDebtInstrumentsOfOtherEntitiesClassifiedAsInvestingActivities
ifrs-full:PurchaseOfPropertyPlantAndEquipmentClassifiedAsInvestingActivities
ifrs-full:PurchaseOfPropertyPlantAndEquipmentClassifiedAsInvestingActivities
SOL:CapitalExpendituresRequiredByShareSaleAgreementAndExcludedFromFreeCashFlowClassifiedAsInvestingActivities
SOL:CapitalExpendituresRequiredByShareSaleAgreementAndExcludedFromFreeCashFlowClassifiedAsInvestingActivities
ifrs-full:PurchaseOfIntangibleAssetsClassifiedAsInvestingActivities
ifrs-full:PurchaseOfIntangibleAssetsClassifiedAsInvestingActivities
SOL:PurchaseFromDisposalsOfRealEstateInTheContextOfRestructuringDismantlingOrRemediationClassifiedAsInvestingActivities
ifrs-full:ProceedsFromDisposalsOfPropertyPlantAndEquipmentIntangibleAssetsOtherThanGoodwillInvestmentPropertyAndOtherNoncurrentAssets
ifrs-full:ProceedsFromDisposalsOfPropertyPlantAndEquipmentIntangibleAssetsOtherThanGoodwillInvestmentPropertyAndOtherNoncurrentAssets
ifrs-full:DividendsReceivedClassifiedAsInvestingActivities
ifrs-full:DividendsReceivedClassifiedAsInvestingActivities
SOL:ProceedsFromOtherLongTermAssetsAndPurchaseOfOtherLongTermAssetsClassifiedAsInvestingActivities
SOL:ProceedsFromOtherLongTermAssetsAndPurchaseOfOtherLongTermAssetsClassifiedAsInvestingActivities
ifrs-full:CashFlowsFromUsedInInvestingActivities
ifrs-full:CashFlowsFromUsedInInvestingActivities
ifrs-full:ProceedsFromIssuingOtherEquityInstruments
ifrs-full:ProceedsFromIssuingOtherEquityInstruments
ifrs-full:PaymentsOfOtherEquityInstruments
ifrs-full:PaymentsOfOtherEquityInstruments
SOL:PaymentsToAcquireOrRedeemEntitysSharesAndProceedsFromSaleOrIssueOfTreasuryShares
SOL:PaymentsToAcquireOrRedeemEntitysSharesAndProceedsFromSaleOrIssueOfTreasuryShares
ifrs-full:ProceedsFromBorrowingsClassifiedAsFinancingActivities
ifrs-full:ProceedsFromBorrowingsClassifiedAsFinancingActivities
ifrs-full:RepaymentsOfBorrowingsClassifiedAsFinancingActivities
ifrs-full:RepaymentsOfBorrowingsClassifiedAsFinancingActivities
SOL:IncreaseDecreaseInOtherFinancialAssetsClassifiedAsFinancingActivities
SOL:IncreaseDecreaseInOtherFinancialAssetsClassifiedAsFinancingActivities
ifrs-full:PaymentsOfLeaseLiabilitiesClassifiedAsFinancingActivities
ifrs-full:PaymentsOfLeaseLiabilitiesClassifiedAsFinancingActivities
ifrs-full:InterestPaidClassifiedAsFinancingActivities
ifrs-full:InterestPaidClassifiedAsFinancingActivities
SOL:CouponPaymentsOnHybridCapitalClassifiedAsFinancingActivities
SOL:CouponPaymentsOnHybridCapitalClassifiedAsFinancingActivities
ifrs-full:DividendsPaidClassifiedAsFinancingActivities
ifrs-full:DividendsPaidClassifiedAsFinancingActivities
ifrs-full:PaymentsFromChangesInOwnershipInterestsInSubsidiaries
ifrs-full:PaymentsFromChangesInOwnershipInterestsInSubsidiaries
ifrs-full:OtherInflowsOutflowsOfCashClassifiedAsFinancingActivities
ifrs-full:OtherInflowsOutflowsOfCashClassifiedAsFinancingActivities
ifrs-full:CashFlowsFromUsedInFinancingActivities
ifrs-full:CashFlowsFromUsedInFinancingActivities
ifrs-full:IncreaseDecreaseInCashAndCashEquivalentsBeforeEffectOfExchangeRateChanges
ifrs-full:IncreaseDecreaseInCashAndCashEquivalentsBeforeEffectOfExchangeRateChanges
ifrs-full:EffectOfExchangeRateChangesOnCashAndCashEquivalents
ifrs-full:EffectOfExchangeRateChangesOnCashAndCashEquivalents
ifrs-full:CashAndCashEquivalents
ifrs-full:CashAndCashEquivalents
ifrs-full:CashAndCashEquivalents
ifrs-full:CashAndCashEquivalents
ifrs-full:CashFlowsFromUsedInOperatingActivitiesDiscontinuedOperations
ifrs-full:CashFlowsFromUsedInOperatingActivitiesDiscontinuedOperations
ifrs-full:CashFlowsFromUsedInInvestingActivitiesDiscontinuedOperations
ifrs-full:CashFlowsFromUsedInInvestingActivitiesDiscontinuedOperations
ifrs-full:CashFlowsFromUsedInFinancingActivitiesDiscontinuedOperations
ifrs-full:CashFlowsFromUsedInFinancingActivitiesDiscontinuedOperations
ifrs-full:IncreaseDecreaseInCashAndCashEquivalentsDiscontinuedOperations
ifrs-full:IncreaseDecreaseInCashAndCashEquivalentsDiscontinuedOperations
ifrs-full:IntangibleAssetsOtherThanGoodwill
ifrs-full:IntangibleAssetsOtherThanGoodwill
ifrs-full:Goodwill
ifrs-full:Goodwill
ifrs-full:PropertyPlantAndEquipment
ifrs-full:PropertyPlantAndEquipment
ifrs-full:RightofuseAssets
ifrs-full:RightofuseAssets
ifrs-full:EquityInstrumentsHeld
ifrs-full:EquityInstrumentsHeld
ifrs-full:InvestmentAccountedForUsingEquityMethod
ifrs-full:InvestmentAccountedForUsingEquityMethod
ifrs-full:NoncurrentInvestmentsOtherThanInvestmentsAccountedForUsingEquityMethod
ifrs-full:NoncurrentInvestmentsOtherThanInvestmentsAccountedForUsingEquityMethod
ifrs-full:DeferredTaxAssets
ifrs-full:DeferredTaxAssets
SOL:NonCurrentLoansAndReceivablesAndOtherNonCurrentAssets
SOL:NonCurrentLoansAndReceivablesAndOtherNonCurrentAssets
ifrs-full:NoncurrentAssets
ifrs-full:NoncurrentAssets
ifrs-full:Inventories
ifrs-full:Inventories
ifrs-full:CurrentTradeReceivables
ifrs-full:CurrentTradeReceivables
ifrs-full:CurrentTaxAssetsCurrent
ifrs-full:CurrentTaxAssetsCurrent
ifrs-full:OtherCurrentFinancialAssets
ifrs-full:OtherCurrentFinancialAssets
ifrs-full:OtherCurrentReceivables
ifrs-full:OtherCurrentReceivables
ifrs-full:CashAndCashEquivalents
ifrs-full:CashAndCashEquivalents
ifrs-full:CurrentAssets
ifrs-full:CurrentAssets
ifrs-full:Assets
ifrs-full:Assets
ifrs-full:IssuedCapital
ifrs-full:IssuedCapital
ifrs-full:SharePremium
ifrs-full:SharePremium
SOL:RetainedEarningsTreasurySharesAndOtherReserves
SOL:RetainedEarningsTreasurySharesAndOtherReserves
ifrs-full:NoncontrollingInterests
ifrs-full:NoncontrollingInterests
ifrs-full:Equity
ifrs-full:Equity
ifrs-full:NoncurrentProvisionsForEmployeeBenefits
ifrs-full:NoncurrentProvisionsForEmployeeBenefits
ifrs-full:OtherLongtermProvisions
ifrs-full:OtherLongtermProvisions
ifrs-full:DeferredTaxLiabilities
ifrs-full:DeferredTaxLiabilities
ifrs-full:LongtermBorrowings
ifrs-full:LongtermBorrowings
ifrs-full:OtherNoncurrentLiabilities
ifrs-full:OtherNoncurrentLiabilities
ifrs-full:NoncurrentLiabilities
ifrs-full:NoncurrentLiabilities
ifrs-full:OtherShorttermProvisions
ifrs-full:OtherShorttermProvisions
ifrs-full:CurrentBorrowingsAndCurrentPortionOfNoncurrentBorrowings
ifrs-full:CurrentBorrowingsAndCurrentPortionOfNoncurrentBorrowings
ifrs-full:TradeAndOtherCurrentPayablesToTradeSuppliers
ifrs-full:TradeAndOtherCurrentPayablesToTradeSuppliers
ifrs-full:CurrentTaxLiabilitiesCurrent
ifrs-full:CurrentTaxLiabilitiesCurrent
ifrs-full:CurrentDividendPayables
ifrs-full:CurrentDividendPayables
ifrs-full:OtherCurrentLiabilities
ifrs-full:OtherCurrentLiabilities
ifrs-full:CurrentLiabilities
ifrs-full:CurrentLiabilities
ifrs-full:Liabilities
ifrs-full:Liabilities
ifrs-full:EquityAndLiabilities
ifrs-full:EquityAndLiabilities
ifrs-full:Equity
ifrs-full:Equity
ifrs-full:Equity
ifrs-full:Equity
ifrs-full:Equity
ifrs-full:Equity
ifrs-full:Equity
ifrs-full:Equity
ifrs-full:Equity
ifrs-full:Equity
ifrs-full:Equity
ifrs-full:Equity
ifrs-full:ProfitLoss
ifrs-full:ProfitLoss
ifrs-full:ProfitLoss
ifrs-full:ProfitLoss
ifrs-full:OtherComprehensiveIncome
ifrs-full:OtherComprehensiveIncome
ifrs-full:OtherComprehensiveIncome
ifrs-full:OtherComprehensiveIncome
ifrs-full:OtherComprehensiveIncome
ifrs-full:OtherComprehensiveIncome
ifrs-full:OtherComprehensiveIncome
ifrs-full:ComprehensiveIncome
ifrs-full:ComprehensiveIncome
ifrs-full:ComprehensiveIncome
ifrs-full:ComprehensiveIncome
ifrs-full:ComprehensiveIncome
ifrs-full:ComprehensiveIncome
ifrs-full:ComprehensiveIncome
ifrs-full:ComprehensiveIncome
ifrs-full:ComprehensiveIncome
ifrs-full:ComprehensiveIncome
SOL:RepurchaseOfHybridCapital
SOL:RepurchaseOfHybridCapital
SOL:RepurchaseOfHybridCapital
SOL:RepurchaseOfHybridCapital
SOL:IncreaseDecreaseThroughShareBasedPaymentTransactionsCosts
SOL:IncreaseDecreaseThroughShareBasedPaymentTransactionsCosts
SOL:IncreaseDecreaseThroughShareBasedPaymentTransactionsCosts
SOL:IncreaseDecreaseThroughShareBasedPaymentTransactionsEffectOfPlanModification
SOL:IncreaseDecreaseThroughShareBasedPaymentTransactionsEffectOfPlanModification
SOL:IncreaseDecreaseThroughShareBasedPaymentTransactionsEffectOfPlanModification
ifrs-full:DividendsPaid
ifrs-full:DividendsPaid
ifrs-full:DividendsPaid
ifrs-full:DividendsPaid
SOL:CouponPaymentsOnHybridCapital
SOL:CouponPaymentsOnHybridCapital
SOL:CouponPaymentsOnHybridCapital
ifrs-full:IncreaseDecreaseThroughTreasuryShareTransactions
ifrs-full:IncreaseDecreaseThroughTreasuryShareTransactions
ifrs-full:IncreaseDecreaseThroughTreasuryShareTransactions
ifrs-full:IncreaseDecreaseThroughTreasuryShareTransactions
SOL:IncreaseDecreaseThroughDemerger
SOL:IncreaseDecreaseThroughDemerger
SOL:IncreaseDecreaseThroughDemerger
SOL:IncreaseDecreaseThroughDemerger
SOL:IncreaseDecreaseThroughDemerger
SOL:IncreaseDecreaseThroughDemerger
SOL:IncreaseDecreaseThroughDemerger
SOL:IncreaseDecreaseThroughDemerger
SOL:IncreaseDecreaseThroughDemerger
SOL:IncreaseDecreaseThroughDemerger
SOL:IncreaseDecreaseThroughDemerger
SOL:IncreaseDecreaseThroughDemerger
ifrs-full:IncreaseDecreaseThroughTransfersAndOtherChangesEquity
ifrs-full:IncreaseDecreaseThroughTransfersAndOtherChangesEquity
ifrs-full:IncreaseDecreaseThroughTransfersAndOtherChangesEquity
ifrs-full:IncreaseDecreaseThroughTransfersAndOtherChangesEquity
ifrs-full:IncreaseDecreaseThroughTransfersAndOtherChangesEquity
ifrs-full:IncreaseDecreaseThroughTransfersAndOtherChangesEquity
ifrs-full:Equity
ifrs-full:Equity
ifrs-full:Equity
ifrs-full:Equity
ifrs-full:Equity
ifrs-full:Equity
ifrs-full:Equity
ifrs-full:Equity
ifrs-full:Equity
ifrs-full:Equity
ifrs-full:Equity
ifrs-full:Equity
ifrs-full:Equity
ifrs-full:Equity
ifrs-full:Equity
ifrs-full:Equity
ifrs-full:Equity
ifrs-full:Equity
ifrs-full:Equity
ifrs-full:Equity
ifrs-full:Equity
ifrs-full:Equity
ifrs-full:Equity
ifrs-full:Equity
ifrs-full:ProfitLoss
ifrs-full:ProfitLoss
ifrs-full:ProfitLoss
ifrs-full:ProfitLoss
ifrs-full:OtherComprehensiveIncome
ifrs-full:OtherComprehensiveIncome
ifrs-full:OtherComprehensiveIncome
ifrs-full:OtherComprehensiveIncome
ifrs-full:OtherComprehensiveIncome
ifrs-full:OtherComprehensiveIncome
ifrs-full:OtherComprehensiveIncome
ifrs-full:ComprehensiveIncome
ifrs-full:ComprehensiveIncome
ifrs-full:ComprehensiveIncome
ifrs-full:ComprehensiveIncome
ifrs-full:ComprehensiveIncome
ifrs-full:ComprehensiveIncome
ifrs-full:ComprehensiveIncome
ifrs-full:ComprehensiveIncome
ifrs-full:ComprehensiveIncome
ifrs-full:ComprehensiveIncome
SOL:IncreaseDecreaseThroughShareBasedPaymentTransactionsCosts
SOL:IncreaseDecreaseThroughShareBasedPaymentTransactionsCosts
SOL:IncreaseDecreaseThroughShareBasedPaymentTransactionsCosts
ifrs-full:DividendsPaid
ifrs-full:DividendsPaid
ifrs-full:DividendsPaid
ifrs-full:DividendsPaid
ifrs-full:IncreaseDecreaseThroughTreasuryShareTransactions
ifrs-full:IncreaseDecreaseThroughTreasuryShareTransactions
ifrs-full:IncreaseDecreaseThroughTreasuryShareTransactions
ifrs-full:IncreaseDecreaseThroughTreasuryShareTransactions
ifrs-full:IncreaseDecreaseThroughTransfersAndOtherChangesEquity
ifrs-full:IncreaseDecreaseThroughTransfersAndOtherChangesEquity
ifrs-full:IncreaseDecreaseThroughTransfersAndOtherChangesEquity
ifrs-full:IncreaseDecreaseThroughTransfersAndOtherChangesEquity
ifrs-full:IncreaseDecreaseThroughTransfersAndOtherChangesEquity
ifrs-full:IncreaseDecreaseThroughTransfersAndOtherChangesEquity
ifrs-full:IncreaseDecreaseThroughTransfersAndOtherChangesEquity
ifrs-full:IncreaseDecreaseThroughTransfersAndOtherChangesEquity
ifrs-full:Equity
ifrs-full:Equity
ifrs-full:Equity
ifrs-full:Equity
ifrs-full:Equity
ifrs-full:Equity
ifrs-full:Equity
ifrs-full:Equity
ifrs-full:Equity
ifrs-full:Equity
ifrs-full:Equity
ifrs-full:Equity
ifrs-full:DisclosureOfBasisOfPreparationOfFinancialStatementsExplanatory
ifrs-full:StatementOfIFRSCompliance
ifrs-full:DisclosureOfMaterialAccountingPolicyInformationExplanatory
ifrs-full:DisclosureOfGoingConcernExplanatory
ifrs-full:DisclosureOfChangesInAccountingPoliciesAccountingEstimatesAndErrorsExplanatory
ifrs-full:DisclosureOfAccountingJudgementsAndEstimatesExplanatory
ifrs-full:DisclosureOfBasisOfConsolidationExplanatory
ifrs-full:DescriptionOfAccountingPolicyForSubsidiariesExplanatory
ifrs-full:DisclosureOfSignificantInvestmentsInSubsidiariesExplanatory
ifrs-full:DisclosureOfInterestsInOtherEntitiesExplanatory
ifrs-full:DisclosureOfInvestmentsOtherThanInvestmentsAccountedForUsingEquityMethodExplanatory
ifrs-full:DescriptionOfAccountingPolicyForInvestmentsOtherThanInvestmentsAccountedForUsingEquityMethodExplanatory
ifrs-full:DisclosureOfSignificantInvestmentsInAssociatesExplanatory
ifrs-full:DisclosureOfJointVenturesExplanatory
ifrs-full:DescriptionOfAccountingPolicyForInvestmentInAssociatesAndJointVenturesExplanatory
ifrs-full:DescriptionOfAccountingPolicyForInvestmentsInJointVentures
ifrs-full:DescriptionOfAccountingPolicyForInvestmentInAssociates
ifrs-full:DescriptionOfAccountingPolicyForFunctionalCurrencyExplanatory
ifrs-full:DescriptionOfAccountingPolicyForForeignCurrencyTranslationExplanatory
ifrs-full:DisclosureOfEffectOfChangesInForeignExchangeRatesExplanatory
ifrs-full:DisclosureOfImpairmentOfAssetsExplanatory
ifrs-full:DisclosureOfDeferredTaxesExplanatory
ifrs-full:DisclosureOfIncomeTaxExplanatory
ifrs-full:DescriptionOfAccountingPolicyForIncomeTaxExplanatory
ifrs-full:DescriptionOfAccountingPolicyForDeferredIncomeTaxExplanatory
ifrs-full:DisclosureOfProvisionsExplanatory
ifrs-full:DescriptionOfAccountingPolicyForProvisionsExplanatory
ifrs-full:DisclosureOfLeasesExplanatory
ifrs-full:DescriptionOfAccountingPolicyForLeasesExplanatory
ifrs-full:DisclosureOfEntitysReportableSegmentsExplanatory
ifrs-full:DisclosureOfRevenueExplanatory
ifrs-full:DescriptionOfAccountingPolicyForSegmentReportingExplanatory
ifrs-full:DisclosureOfRevenueFromContractsWithCustomersExplanatory
ifrs-full:DescriptionOfAccountingPolicyForRecognitionOfRevenue
ifrs-full:DisclosureOfDepreciationAndAmortisationExpenseExplanatory
ifrs-full:DisclosureOfExpensesByNatureExplanatory
ifrs-full:DisclosureOfExpensesExplanatory
ifrs-full:DisclosureOfProfitLossFromOperatingActivitiesExplanatory
ifrs-full:DisclosureOfOtherOperatingIncomeExpenseExplanatory
ifrs-full:DisclosureOfOtherOperatingIncomeExplanatory
ifrs-full:DisclosureOfOtherOperatingExpenseExplanatory
ifrs-full:DescriptionOfAccountingPolicyForExceptionalItemsExplanatory
ifrs-full:DisclosureOfInterestIncomeExpenseExplanatory
ifrs-full:DescriptionOfAccountingPolicyForFinanceIncomeAndCostsExplanatory
ifrs-full:DescriptionOfAccountingPolicyForFinanceCostsExplanatory
ifrs-full:DisclosureOfFinanceCostExplanatory
ifrs-full:DisclosureOfBorrowingCostsExplanatory
ifrs-full:DisclosureOfFinanceIncomeExpenseExplanatory
ifrs-full:DisclosureOfInterestIncomeExplanatory
ifrs-full:DescriptionOfAccountingPolicyForBorrowingsExplanatory
ifrs-full:DescriptionOfAccountingPolicyForBorrowingCostsExplanatory
ifrs-full:DescriptionOfAccountingPolicyForFinancialInstrumentsExplanatory
ifrs-full:DisclosureOfFinancialInstrumentsExplanatory
ifrs-full:DisclosureOfBorrowingsExplanatory
ifrs-full:DescriptionOfAccountingPolicyForInterestIncomeAndExpenseExplanatory
ifrs-full:DescriptionOfAccountingPolicyForFinancialLiabilitiesExplanatory
ifrs-full:DisclosureOfInterestExpenseExplanatory
ifrs-full:DisclosureOfFinanceIncomeExplanatory
ifrs-full:DisclosureOfNoncurrentAssetsHeldForSaleAndDiscontinuedOperationsExplanatory
ifrs-full:DisclosureOfNoncurrentAssetsOrDisposalGroupsClassifiedAsHeldForSaleExplanatory
ifrs-full:DescriptionOfAccountingPolicyForNoncurrentAssetsOrDisposalGroupsClassifiedAsHeldForSaleAndDiscontinuedOperationsExplanatory
ifrs-full:DisclosureOfDiscontinuedOperationsExplanatory
ifrs-full:DescriptionOfAccountingPolicyForDiscontinuedOperationsExplanatory
ifrs-full:DescriptionOfAccountingPolicyForNoncurrentAssetsOrDisposalGroupsClassifiedAsHeldForSaleExplanatory
ifrs-full:DisclosureOfEarningsPerShareExplanatory
ifrs-full:DescriptionOfAccountingPolicyForEarningsPerShareExplanatory
ifrs-full:DisclosureOfShareCapitalReservesAndOtherEquityInterestExplanatory
ifrs-full:DisclosureOfReservesAndOtherEquityInterestExplanatory
ifrs-full:DisclosureOfCashFlowStatementExplanatory
ifrs-full:DisclosureOfTaxReceivablesAndPayablesExplanatory
ifrs-full:DisclosureOfTradeAndOtherPayablesExplanatory
ifrs-full:DisclosureOfTradeAndOtherReceivablesExplanatory
ifrs-full:DisclosureOfIntangibleAssetsAndGoodwillExplanatory
ifrs-full:DescriptionOfAccountingPolicyForImpairmentOfAssetsExplanatory
ifrs-full:DisclosureOfIntangibleAssetsExplanatory
ifrs-full:DescriptionOfAccountingPolicyForIntangibleAssetsOtherThanGoodwillExplanatory
ifrs-full:DescriptionOfAccountingPolicyForIntangibleAssetsAndGoodwillExplanatory
ifrs-full:DescriptionOfAccountingPolicyForImpairmentOfNonfinancialAssetsExplanatory
ifrs-full:DescriptionOfAccountingPolicyForDepreciationExpenseExplanatory
ifrs-full:DescriptionOfAccountingPolicyForResearchAndDevelopmentExpenseExplanatory
ifrs-full:DisclosureOfResearchAndDevelopmentExpenseExplanatory
ifrs-full:DescriptionOfAccountingPolicyForBusinessCombinationsAndGoodwillExplanatory
ifrs-full:DescriptionOfAccountingPolicyForBusinessCombinationsExplanatory
ifrs-full:DisclosureOfGoodwillExplanatory
ifrs-full:DisclosureOfBusinessCombinationsExplanatory
ifrs-full:DescriptionOfAccountingPolicyForGoodwillExplanatory
ifrs-full:DisclosureOfPropertyPlantAndEquipmentExplanatory
ifrs-full:DescriptionOfAccountingPolicyForPropertyPlantAndEquipmentExplanatory
ifrs-full:DisclosureOfInvestmentsAccountedForUsingEquityMethodExplanatory
ifrs-full:DescriptionOfAccountingPolicyForEmissionRightsExplanatory
ifrs-full:DescriptionOfAccountingPolicyForMeasuringInventories
ifrs-full:DisclosureOfInventoriesExplanatory
ifrs-full:DisclosureOfOtherAssetsExplanatory
ifrs-full:DisclosureOfFinancialAssetsHeldForTradingExplanatory
ifrs-full:DisclosureOfFinancialInstrumentsHeldForTradingExplanatory
ifrs-full:DisclosureOfPrepaymentsAndOtherAssetsExplanatory
ifrs-full:DisclosureOfOtherCurrentAssetsExplanatory
ifrs-full:DisclosureOfIssuedCapitalExplanatory
ifrs-full:DescriptionOfAccountingPolicyForIssuedCapitalExplanatory
ifrs-full:DisclosureOfNoncontrollingInterestsExplanatory
ifrs-full:DescriptionOfAccountingPolicyForTransactionsWithNoncontrollingInterestsExplanatory
ifrs-full:DisclosureOfSharebasedPaymentArrangementsExplanatory
ifrs-full:DescriptionOfAccountingPolicyForSharebasedPaymentTransactionsExplanatory
ifrs-full:DisclosureOfEmployeeBenefitsExplanatory
ifrs-full:DescriptionOfAccountingPolicyForEmployeeBenefitsExplanatory
ifrs-full:DescriptionOfAccountingPolicyForTerminationBenefits
ifrs-full:DisclosureOfOtherProvisionsContingentLiabilitiesAndContingentAssetsExplanatory
ifrs-full:DescriptionOfAccountingPolicyForEnvironmentRelatedExpenseExplanatory
ifrs-full:DisclosureOfFinancialInstrumentsDesignatedAtFairValueThroughProfitOrLossExplanatory
ifrs-full:DisclosureOfDerivativeFinancialInstrumentsExplanatory
ifrs-full:DisclosureOfFinancialInstrumentsAtFairValueThroughProfitOrLossExplanatory
ifrs-full:DisclosureOfFairValueMeasurementExplanatory
ifrs-full:DescriptionOfAccountingPolicyForFairValueMeasurementExplanatory
ifrs-full:DescriptionOfAccountingPolicyForFinancialInstrumentsAtFairValueThroughProfitOrLossExplanatory
ifrs-full:DescriptionOfAccountingPolicyForFinancialAssetsExplanatory
ifrs-full:DescriptionOfAccountingPolicyForTradeAndOtherReceivablesExplanatory
ifrs-full:DescriptionOfAccountingPolicyForImpairmentOfFinancialAssetsExplanatory
ifrs-full:DisclosureOfAllowanceForCreditLossesExplanatory
ifrs-full:DisclosureOfCreditRiskExplanatory
ifrs-full:DescriptionOfAccountingPolicyForFinancialGuaranteesExplanatory
ifrs-full:DescriptionOfAccountingPolicyForDerivativeFinancialInstrumentsAndHedgingExplanatory
ifrs-full:DescriptionOfAccountingPolicyForDerivativeFinancialInstrumentsExplanatory
ifrs-full:DescriptionOfAccountingPolicyForHedgingExplanatory
ifrs-full:DisclosureOfDebtSecuritiesExplanatory
ifrs-full:DisclosureOfFinancialLiabilitiesHeldForTradingExplanatory
ifrs-full:DisclosureOfFairValueOfFinancialInstrumentsExplanatory
ifrs-full:DisclosureOfObjectivesPoliciesAndProcessesForManagingCapitalExplanatory
ifrs-full:DisclosureOfFinancialRiskManagementExplanatory
ifrs-full:DisclosureOfMarketRiskExplanatory
ifrs-full:DisclosureOfLiquidityRiskExplanatory
ifrs-full:DisclosureOfCashAndCashEquivalentsExplanatory
ifrs-full:DisclosureOfOtherLiabilitiesExplanatory
ifrs-full:DisclosureOfOtherCurrentLiabilitiesExplanatory
ifrs-full:DisclosureOfAccruedExpensesAndOtherLiabilitiesExplanatory
ifrs-full:DisclosureOfCommitmentsAndContingentLiabilitiesExplanatory
ifrs-full:DisclosureOfCommitmentsExplanatory
ifrs-full:DescriptionOfAccountingPolicyForContingentLiabilitiesAndContingentAssetsExplanatory
ifrs-full:DisclosureOfContingentLiabilitiesExplanatory
ifrs-full:DisclosureOfRelatedPartyExplanatory
ifrs-full:DisclosureOfInformationAboutKeyManagementPersonnelExplanatory
ifrs-full:DisclosureOfDividendsExplanatory
ifrs-full:DividendsProposedOrDeclaredBeforeFinancialStatementsAuthorisedForIssueButNotRecognisedAsDistributionToOwnersPerShare
ifrs-full:DividendsProposedOrDeclaredBeforeFinancialStatementsAuthorisedForIssueButNotRecognisedAsDistributionToOwners
ifrs-full:DisclosureOfEventsAfterReportingPeriodExplanatory
ifrs-full:DisclosureOfCompositionOfGroupExplanatory
ifrs-full:DisclosureOfAuditorsRemunerationExplanatory
ifrs-full:DomicileOfEntity
ifrs-full:CountryOfIncorporation
ifrs-full:NameOfReportingEntityOrOtherMeansOfIdentification
ifrs-full:LegalFormOfEntity
ifrs-full:PrincipalPlaceOfBusiness
ifrs-full:AddressOfRegisteredOfficeOfEntity
ifrs-full:DescriptionOfNatureOfEntitysOperationsAndPrincipalActivities
